{
  "epoch": [
    19,
    20,
    21,
    22,
    23,
    24,
    25,
    26,
    27,
    28,
    29,
    30,
    31,
    32,
    33,
    34,
    35,
    36,
    37,
    38,
    39,
    40,
    41,
    42,
    43,
    44,
    45,
    46,
    47,
    48,
    49,
    50,
    51,
    52,
    53,
    54,
    55
  ],
  "avg_reward": [
    0.052018770954657914,
    0.18304369179529917,
    0.2388999843401005,
    0.44316682494432397,
    0.533056431386755,
    0.5153834505308718,
    0.47616892067115507,
    0.649284333713432,
    1.4270052952309549,
    2.6539541769756796,
    3.334736017171316,
    3.879194398816506,
    4.266889221474772,
    4.509014390027264,
    4.70246930933036,
    4.844145924346652,
    5.177208281569927,
    5.242650297813477,
    5.579600705051702,
    5.523334437840317,
    6.778782480326174,
    8.482259221699213,
    -0.4990369182215277,
    -0.3394721780354086,
    -0.09937477285445497,
    -0.09527700403471649,
    0.026488235607957784,
    0.046607770853674034,
    0.23492938192277843,
    0.36157437589499053,
    0.2059807722996006,
    0.2214065045822214,
    0.41470458587476905,
    0.26834178829835886,
    0.3603021199698176,
    0.29833106181604413,
    0.3577043560620189
  ],
  "avg_steps": [
    78.775,
    80.625,
    72.9125,
    63.2,
    55.8,
    60.4375,
    62.175,
    50.925,
    77.85,
    69.475,
    60.46666666666667,
    54.125,
    52.05833333333333,
    47.125,
    50.75833333333333,
    52.61666666666667,
    47.13333333333333,
    49.49166666666667,
    48.858333333333334,
    47.2,
    52.225,
    57.516666666666666,
    145.975,
    145.125,
    129.90833333333333,
    128.90833333333333,
    123.20833333333333,
    120.425,
    111.23333333333333,
    105.1,
    108.025,
    105.7,
    87.06666666666666,
    102.19166666666666,
    95.075,
    90.13333333333334,
    76.13333333333334
  ],
  "success_rate": [
    0.925,
    0.9125,
    0.95,
    0.975,
    0.95,
    0.95,
    0.9125,
    0.9625,
    0.9333333333333333,
    0.9583333333333334,
    0.9833333333333333,
    1.0,
    1.0,
    1.0,
    1.0,
    0.9833333333333333,
    1.0,
    0.9916666666666667,
    1.0,
    0.9916666666666667,
    1.0,
    1.0,
    0.425,
    0.44166666666666665,
    0.5083333333333333,
    0.5083333333333333,
    0.525,
    0.5416666666666666,
    0.6166666666666667,
    0.6333333333333333,
    0.625,
    0.6416666666666667,
    0.7583333333333333,
    0.6666666666666666,
    0.775,
    0.7666666666666667,
    0.875
  ],
  "wait_pct": [
    0.5783878133925738,
    0.5254263565891473,
    0.5152580147436996,
    0.48358386075949367,
    0.4643817204301075,
    0.46949327817993797,
    0.44340570969039,
    0.422680412371134,
    0.5455042660249398,
    0.5040824575586096,
    0.4681628392484342,
    0.41402399828583675,
    0.38920454545454547,
    0.3467326987393877,
    0.34769563130100817,
    0.3549899531145345,
    0.3195131228604032,
    0.3047277079593058,
    0.2854547732397895,
    0.30098051383889785,
    0.2696456086286595,
    0.24842175213201906,
    0.3092736998131082,
    0.28227375932533244,
    0.2777400590858212,
    0.28777192070680824,
    0.2812475557293704,
    0.28150349369528554,
    0.2767432168629773,
    0.29318015960827704,
    0.28736097978297087,
    0.28466497812571956,
    0.27730281301709875,
    0.2926585174065337,
    0.2677572105036591,
    0.23949447077409164,
    0.21255785251465598
  ]
}