{
  "movable_obstacle_choke_namo": {
    "snamo": {
      "sr": 100.0,
      "avg_steps": 12.0
    },
    "mappo_v3": {
      "sr": 100.0,
      "avg_steps": 7.9
    },
    "mappo_v4": {
      "sr": 100.0,
      "avg_steps": 14.06,
      "push_pct": 0.0,
      "avg_reward": 1.075323863616192,
      "raw_successes": [
        1,
        1,
        1,
        1,
        1,
        1,
        1,
        1,
        1,
        1,
        1,
        1,
        1,
        1,
        1,
        1,
        1,
        1,
        1,
        1,
        1,
        1,
        1,
        1,
        1,
        1,
        1,
        1,
        1,
        1,
        1,
        1,
        1,
        1,
        1,
        1,
        1,
        1,
        1,
        1,
        1,
        1,
        1,
        1,
        1,
        1,
        1,
        1,
        1,
        1
      ],
      "raw_steps": [
        14,
        14,
        14,
        14,
        14,
        14,
        14,
        14,
        14,
        15,
        14,
        14,
        14,
        14,
        14,
        14,
        14,
        14,
        14,
        14,
        15,
        14,
        14,
        14,
        14,
        14,
        14,
        14,
        14,
        14,
        14,
        14,
        14,
        14,
        14,
        14,
        14,
        15,
        14,
        14,
        14,
        14,
        14,
        14,
        14,
        14,
        14,
        14,
        14,
        14
      ],
      "raw_pushes": [
        0,
        0,
        0,
        0,
        0,
        0,
        0,
        0,
        0,
        0,
        0,
        0,
        0,
        0,
        0,
        0,
        0,
        0,
        0,
        0,
        0,
        0,
        0,
        0,
        0,
        0,
        0,
        0,
        0,
        0,
        0,
        0,
        0,
        0,
        0,
        0,
        0,
        0,
        0,
        0,
        0,
        0,
        0,
        0,
        0,
        0,
        0,
        0,
        0,
        0
      ]
    }
  },
  "warehouse_small": {
    "snamo": {
      "sr": 100.0,
      "avg_steps": 18.0
    },
    "mappo_v3": {
      "sr": 100.0,
      "avg_steps": 8.0
    },
    "mappo_v4": {
      "sr": 100.0,
      "avg_steps": 20.4,
      "push_pct": 6.887254901960785,
      "avg_reward": 2.045860960051999,
      "raw_successes": [
        1,
        1,
        1,
        1,
        1,
        1,
        1,
        1,
        1,
        1,
        1,
        1,
        1,
        1,
        1,
        1,
        1,
        1,
        1,
        1,
        1,
        1,
        1,
        1,
        1,
        1,
        1,
        1,
        1,
        1,
        1,
        1,
        1,
        1,
        1,
        1,
        1,
        1,
        1,
        1,
        1,
        1,
        1,
        1,
        1,
        1,
        1,
        1,
        1,
        1
      ],
      "raw_steps": [
        19,
        26,
        30,
        19,
        17,
        24,
        15,
        22,
        21,
        25,
        21,
        19,
        23,
        21,
        20,
        21,
        20,
        18,
        37,
        15,
        20,
        22,
        14,
        22,
        15,
        20,
        15,
        19,
        33,
        18,
        16,
        19,
        16,
        13,
        20,
        23,
        20,
        16,
        17,
        21,
        21,
        17,
        23,
        26,
        24,
        21,
        17,
        24,
        20,
        15
      ],
      "raw_pushes": [
        7,
        8,
        5,
        10,
        5,
        7,
        4,
        6,
        8,
        7,
        4,
        2,
        6,
        6,
        3,
        9,
        5,
        6,
        6,
        8,
        5,
        9,
        5,
        7,
        2,
        8,
        3,
        5,
        4,
        6,
        1,
        3,
        5,
        3,
        5,
        5,
        5,
        8,
        5,
        5,
        5,
        3,
        7,
        9,
        5,
        7,
        6,
        8,
        5,
        5
      ]
    }
  },
  "warehouse_3robots": {
    "snamo": {
      "sr": 100.0,
      "avg_steps": 24.0
    },
    "mappo_v3": {
      "sr": 100.0,
      "avg_steps": 10.0
    },
    "mappo_v4": {
      "sr": 100.0,
      "avg_steps": 20.86,
      "push_pct": 34.012464046021094,
      "avg_reward": 5.167733024300044,
      "raw_successes": [
        1,
        1,
        1,
        1,
        1,
        1,
        1,
        1,
        1,
        1,
        1,
        1,
        1,
        1,
        1,
        1,
        1,
        1,
        1,
        1,
        1,
        1,
        1,
        1,
        1,
        1,
        1,
        1,
        1,
        1,
        1,
        1,
        1,
        1,
        1,
        1,
        1,
        1,
        1,
        1,
        1,
        1,
        1,
        1,
        1,
        1,
        1,
        1,
        1,
        1
      ],
      "raw_steps": [
        18,
        21,
        20,
        17,
        18,
        18,
        17,
        21,
        23,
        18,
        31,
        24,
        22,
        23,
        26,
        21,
        20,
        20,
        24,
        18,
        18,
        23,
        22,
        23,
        23,
        16,
        25,
        18,
        26,
        17,
        24,
        21,
        17,
        22,
        23,
        26,
        25,
        18,
        18,
        17,
        18,
        22,
        24,
        16,
        22,
        17,
        24,
        22,
        19,
        17
      ],
      "raw_pushes": [
        26,
        24,
        30,
        27,
        27,
        28,
        26,
        30,
        27,
        24,
        44,
        37,
        31,
        34,
        35,
        30,
        28,
        22,
        31,
        22,
        28,
        34,
        29,
        26,
        33,
        25,
        35,
        26,
        36,
        30,
        26,
        27,
        22,
        27,
        21,
        34,
        36,
        24,
        29,
        28,
        21,
        26,
        27,
        23,
        28,
        22,
        28,
        25,
        30,
        30
      ]
    }
  },
  "single_corridor_yielding": {
    "snamo": {
      "sr": 100.0,
      "avg_steps": 35.0
    },
    "mappo_v3": {
      "sr": 100.0,
      "avg_steps": 32.5
    },
    "mappo_v4": {
      "sr": 100.0,
      "avg_steps": 19.18,
      "push_pct": 0.0,
      "avg_reward": 1.154602778079876,
      "raw_successes": [
        1,
        1,
        1,
        1,
        1,
        1,
        1,
        1,
        1,
        1,
        1,
        1,
        1,
        1,
        1,
        1,
        1,
        1,
        1,
        1,
        1,
        1,
        1,
        1,
        1,
        1,
        1,
        1,
        1,
        1,
        1,
        1,
        1,
        1,
        1,
        1,
        1,
        1,
        1,
        1,
        1,
        1,
        1,
        1,
        1,
        1,
        1,
        1,
        1,
        1
      ],
      "raw_steps": [
        18,
        19,
        19,
        19,
        18,
        19,
        19,
        21,
        19,
        18,
        20,
        18,
        19,
        19,
        18,
        18,
        19,
        20,
        21,
        18,
        18,
        20,
        18,
        18,
        18,
        19,
        23,
        21,
        20,
        19,
        20,
        20,
        19,
        18,
        19,
        19,
        18,
        19,
        19,
        21,
        19,
        20,
        20,
        20,
        19,
        20,
        19,
        20,
        19,
        18
      ],