{
  "movable_obstacle_choke_namo": {
    "sr": 100.0,
    "avg_steps": 14.07,
    "push_pct": 0.0,
    "avg_reward": 1.0690239618053794
  },
  "warehouse_small": {
    "sr": 100.0,
    "avg_steps": 20.36,
    "push_pct": 7.023575638506876,
    "avg_reward": 2.046723671210371
  },
  "warehouse_3robots": {
    "sr": 100.0,
    "avg_steps": 20.48,
    "push_pct": 35.25390625,
    "avg_reward": 5.185433753933307
  },
  "single_corridor_yielding": {
    "sr": 100.0,
    "avg_steps": 19.46,
    "push_pct": 0.0,
    "avg_reward": 1.1419017239283584
  },
  "symmetric_bottleneck_deadlock": {
    "sr": 100.0,
    "avg_steps": 25.99,
    "push_pct": 0.0,
    "avg_reward": 1.1567521438316255
  },
  "cross_intersection": {
    "sr": 100.0,
    "avg_steps": 32.71,
    "push_pct": 0.0,
    "avg_reward": 1.1016192648264949
  },
  "warehouse_large": {
    "sr": 100.0,
    "avg_steps": 34.66,
    "push_pct": 6.563762261973457,
    "avg_reward": 2.682209345742936
  },
  "narrow_doorway_congestion": {
    "sr": 98.0,
    "avg_steps": 65.79,
    "push_pct": 0.0,
    "avg_reward": 0.805776596312706
  },
  "symmetric_bottleneck_4robots": {
    "sr": 94.0,
    "avg_steps": 72.99,
    "push_pct": 0.0,
    "avg_reward": 0.36619838622041945
  }
}