{
  "epoch": [
    1,
    2,
    3,
    4,
    5,
    6,
    7,
    8,
    9,
    10,
    11,
    12,
    13,
    14,
    15,
    16,
    17,
    18,
    19,
    20
  ],
  "avg_reward": [
    2.2987197684517757,
    2.6342286709377385,
    3.0925998645557558,
    3.3904687527305923,
    3.5728578887654585,
    3.576988235688136,
    3.6467374099590506,
    3.708231997131449,
    1.5581068761754187,
    1.671131699807399,
    1.6994642952438441,
    1.7142557627592023,
    1.7229815331569456,
    1.7304019627859124,
    1.7299299446605216,
    1.7290653005055416,
    1.7321436513373087,
    1.7287179815422165,
    0.2255632494687249,
    0.27794921723837224
  ],
  "avg_steps": [
    7.575,
    7.025,
    7.25,
    7.025,
    6.6625,
    6.25,
    6.15,
    6.1875,
    88.975,
    88.09166666666667,
    87.95833333333333,
    87.76666666666667,
    87.71666666666667,
    87.68333333333334,
    87.69166666666666,
    87.69166666666666,
    87.69166666666666,
    87.69166666666666,
    173.11666666666667,
    173.2
  ],
  "success_rate": [
    1.0,
    1.0,
    1.0,
    1.0,
    1.0,
    1.0,
    1.0,
    1.0,
    0.6666666666666666,
    0.6666666666666666,
    0.6666666666666666,
    0.6666666666666666,
    0.6666666666666666,
    0.6666666666666666,
    0.6666666666666666,
    0.6666666666666666,
    0.6666666666666666,
    0.6666666666666666,
    0.3333333333333333,
    0.3333333333333333
  ],
  "wait_pct": [
    0.33993399339933994,
    0.28825622775800713,
    0.3103448275862069,
    0.28825622775800713,
    0.24953095684803,
    0.2,
    0.18699186991869918,
    0.1919191919191919,
    0.7835985649894214,
    0.7282173143229894,
    0.577479917803101,
    0.46270194333879655,
    0.4697942541125744,
    0.4682547125574416,
    0.4733436488957659,
    0.4659383937362277,
    0.47226520373235803,
    0.46781377467298046,
    0.7648989406641971,
    0.7546777546777547
  ]
}