{
  "epoch": [
    1,
    2,
    3,
    4,
    5,
    6,
    7,
    8,
    9,
    10,
    11,
    12,
    13,
    14,
    15,
    16,
    17,
    18,
    19,
    20,
    21,
    22,
    23,
    24,
    25,
    26,
    27,
    28,
    29,
    30,
    31,
    32,
    33,
    34,
    35
  ],
  "avg_reward": [
    2.525516877564751,
    3.3056116779780043,
    3.5588120508759586,
    3.7134182458263,
    3.816740869665891,
    3.827533473649387,
    3.85063758964006,
    3.829529210489022,
    0.4896335966911051,
    1.0166751704279244,
    1.3155227356618209,
    1.8025212887552058,
    1.5095403328720642,
    1.7075142685920697,
    1.1832492473132359,
    1.8676948044883859,
    1.3679993893688291,
    1.8724163848523236,
    1.7058656144655426,
    2.4271913195466124,
    3.09958406683649,
    3.10321899389078,
    3.349610053766755,
    3.355268310757167,
    3.343914899068092,
    3.4963741781894138,
    0.8228787613211159,
    1.1839803460773555,
    1.201343635951956,
    1.2360131879334135,
    1.3203633386626348,
    1.3644183538517993,
    1.4977367078457102,
    1.4382554754935764,
    1.569018645000667
  ],
  "avg_steps": [
    8.22,
    8.76,
    8.24,
    7.18,
    6.25,
    6.07,
    6.01,
    6.07,
    80.83333333333333,
    78.78,
    77.41333333333333,
    68.31333333333333,
    69.73333333333333,
    65.29333333333334,
    76.24,
    62.406666666666666,
    69.39333333333333,
    63.61333333333334,
    146.67333333333335,
    129.00666666666666,
    98.65333333333334,
    97.78666666666666,
    77.47333333333333,
    66.98,
    66.88,
    55.626666666666665,
    105.38666666666667,
    68.33333333333333,
    70.77333333333333,
    64.78,
    65.38666666666667,
    67.24666666666667,
    71.54666666666667,
    79.22666666666667,
    73.06666666666666
  ],
  "success_rate": [
    1.0,
    1.0,
    1.0,
    1.0,
    1.0,
    1.0,
    1.0,
    1.0,
    0.7533333333333333,
    0.7733333333333333,
    0.7666666666666667,
    0.8466666666666667,
    0.8133333333333334,
    0.84,
    0.7666666666666667,
    0.8533333333333334,
    0.82,
    0.8333333333333334,
    0.6666666666666666,
    0.82,
    0.94,
    0.94,
    0.9866666666666667,
    1.0,
    0.98,
    0.9933333333333333,
    0.86,
    0.96,
    0.9533333333333334,
    0.96,
    0.9733333333333334,
    0.9533333333333334,
    0.9666666666666667,
    0.9466666666666667,
    0.9666666666666667
  ],
  "wait_pct": [
    0.39172749391727496,
    0.4292237442922374,
    0.3932038834951456,
    0.30362116991643456,
    0.2,
    0.17627677100494235,
    0.16805324459234608,
    0.17627677100494235,
    0.8405879256589869,
    0.8219166666666666,
    0.8071492176567867,
    0.790167865707434,
    0.7966723068245911,
    0.7856426709444556,
    0.7991563360881543,
    0.7807242806980766,
    0.7949178159833743,
    0.7769717549004476,
    0.766295707472178,
    0.7429660023446659,
    0.7143906357585494,
    0.7112311015118791,
    0.6756047889410022,
    0.6738381494762005,
    0.6885837097479236,
    0.6477223238393868,
    0.6356538148577761,
    0.6861989408001677,
    0.6619916553561555,
    0.6450681546875434,
    0.6599514964449099,
    0.6458887009744705,
    0.683010349025974,
    0.692777790399164,
    0.6919357238506174
  ]
}