{
  "epoch": [
    1,
    2,
    3,
    4,
    5,
    6,
    7,
    8,
    9,
    10,
    11,
    12,
    13,
    14,
    15,
    16,
    17,
    18,
    19,
    20,
    21,
    22,
    23,
    24,
    25,
    26,
    27,
    28,
    29,
    30
  ],
  "avg_reward": [
    -3.8358333333333166,
    -3.683499999999983,
    -4.001666666666649,
    -3.8441666666666494,
    -3.204333333333318,
    -3.5348333333333173,
    -3.6883333333333166,
    -3.8441666666666494,
    -3.2068333333333183,
    -3.533999999999984,
    0.865074074074074,
    0.8621851851851852,
    0.8642222222222229,
    0.8647037037037039,
    0.8653148148148146,
    0.8618888888888891,
    0.8609074074074076,
    0.8684629629629632,
    0.8636296296296297,
    0.8591111111111112,
    0.8639259259259261,
    0.8573148148148146,
    0.8586111111111113,
    0.8611111111111109,
    0.8640925925925929,
    0.7318611111111113,
    0.7375277777777774,
    0.7123333333333335,
    0.7343611111111108,
    0.7094166666666666
  ],
  "avg_steps": [
    291.6666666666667,
    281.8,
    300.0,
    290.96666666666664,
    253.96666666666667,
    273.3333333333333,
    281.76666666666665,
    291.1333333333333,
    254.13333333333333,
    272.8666666666667,
    16.07777777777778,
    16.68888888888889,
    16.41111111111111,
    16.177777777777777,
    16.333333333333332,
    16.11111111111111,
    16.877777777777776,
    15.677777777777777,
    15.866666666666667,
    17.122222222222224,
    16.011111111111113,
    16.933333333333334,
    17.011111111111113,
    16.655555555555555,
    16.466666666666665,
    31.477777777777778,
    30.933333333333334,
    33.71111111111111,
    30.677777777777777,
    34.922222222222224
  ],
  "success_rate": [
    0.03333333333333333,
    0.06666666666666667,
    0.0,
    0.03333333333333333,
    0.16666666666666666,
    0.1,
    0.06666666666666667,
    0.03333333333333333,
    0.16666666666666666,
    0.1,
    1.0,
    1.0,
    1.0,
    1.0,
    1.0,
    1.0,
    1.0,
    1.0,
    1.0,
    1.0,
    1.0,
    1.0,
    1.0,
    1.0,
    1.0,
    1.0,
    1.0,
    0.9888888888888889,
    1.0,
    0.9888888888888889
  ],
  "wait_pct": [
    0.5238857142857143,
    0.5293352259285545,
    0.5251666666666667,
    0.5311604994844771,
    0.5307126919543247,
    0.5336585365853659,
    0.5356678102448835,
    0.5336043050148843,
    0.5295120671563484,
    0.5332274615196677,
    0.5391596638655463,
    0.5455134434726271,
    0.5408366533864541,
    0.5357983193277311,
    0.5378762818392325,
    0.5474879559532003,
    0.5392857142857143,
    0.5247905027932961,
    0.5386721423682409,
    0.5484581497797357,
    0.5445881552076243,
    0.5532945736434108,
    0.5542521994134897,
    0.5455445544554456,
    0.5456636005256241,
    0.5336091003102379,
    0.5316237044910975,
    0.5316002861912712,
    0.5428265524625268,
    0.5431266846361186
  ]
}